<?xml version="1.0" encoding="UTF-8"?>
<deploy xmlns="http://www.apache.org/ode/schemas/dd/2007/03" xmlns:FlowSOG="http://iaas.uni-stuttgart.de/labs/FlowSOG" xmlns:de.ustutt.simtech="http://de.ustutt.simtech">
  <process name="de.ustutt.simtech:ConductOrder">
    <metaData>
      <mdProperty name="version" value="1"/>
    </metaData>
    <process-events generate="all"/>
    <provide partnerLink="client">
      <service name="de.ustutt.simtech:ConductOrderService" port="ConductOrderPort"/>
    </provide>
    <invoke partnerLink="InventoryServicePL">
      <service name="FlowSOG:InventoryService" port="InventoryPort"/>
    </invoke>
    <invoke partnerLink="OrderServicePL">
      <service name="FlowSOG:OrderService" port="OrderPort"/>
    </invoke>
    <invoke partnerLink="PaymentServicePL">
      <service name="FlowSOG:PaymentService" port="PaymentPort"/>
    </invoke>
    <invoke partnerLink="ShipmentServicePL">
      <service name="FlowSOG:ShipmentService" port="ShipmentPort"/>
    </invoke>
  </process>
</deploy>